Province/State,Confirmed,Deaths,Recovered,Date,population,Confirmed per million residents,Deaths per million residents,Recoveries per million residents
Alaska,0,0,0,2020-03-10,731545,0,0,0
Arizona,6,0,1,2020-03-10,7278717,0.8243210994465096,0,0.1373868499077516
Arkansas,0,0,0,2020-03-10,3017804,0,0,0
California,144,2,2,2020-03-10,39512223,3.644441873088234,0.050617248237336585,0.050617248237336585
Colorado,15,0,0,2020-03-10,5758736,2.604738262007496,0,0
Connecticut,2,0,0,2020-03-10,3565287,0.5609646572632161,0,0
Delaware,0,0,0,2020-03-10,973764,0,0,0
District of Columbia,5,0,0,2020-03-10,705749,7.084671745903997,0,0
Florida,15,2,0,2020-03-10,21477737,0.6983976011997912,0.09311968015997216,0
Georgia,17,0,0,2020-03-10,10617423,1.6011418213251936,0,0
Hawaii,2,0,0,2020-03-10,1415872,1.4125570673055192,0,0
Idaho,0,0,0,2020-03-10,1787065,0,0,0
Illinois,12,0,2,2020-03-10,12671821,0.9469830737034559,0,0.15783051228390932
Indiana,6,0,0,2020-03-10,6732219,0.8912366041568166,0,0
Iowa,8,0,0,2020-03-10,3155070,2.5356014288114053,0,0
Kansas,1,0,0,2020-03-10,2913314,0.34325170578935194,0,0
Kentucky,6,0,0,2020-03-10,4467673,1.342981010472342,0,0
Louisiana,1,0,0,2020-03-10,4648794,0.21510955314432087,0,0
Maine,0,0,0,2020-03-10,1344212,0,0,0
Maryland,8,0,0,2020-03-10,6045680,1.323258922073282,0,0
Massachusetts,92,0,1,2020-03-10,6892503,13.34783604736915,0,0.14508517442792554
Michigan,0,0,0,2020-03-10,9986857,0,0,0
Minnesota,3,0,0,2020-03-10,5639632,0.5319496023854039,0,0
Mississippi,0,0,0,2020-03-10,2976149,0,0,0
Missouri,1,0,0,2020-03-10,6137428,0.16293470163723306,0,0
Montana,0,0,0,2020-03-10,1068778,0,0,0
Nebraska,3,0,0,2020-03-10,1934408,1.5508620725307174,0,0
Nevada,4,0,0,2020-03-10,3080156,1.2986355236552953,0,0
New Hampshire,4,0,0,2020-03-10,1359711,2.941801603428964,0,0
New Jersey,15,1,0,2020-03-10,8882190,1.6887727013270375,0.11258484675513585,0
New Mexico,0,0,0,2020-03-10,2096829,0,0,0
New York,173,0,0,2020-03-10,19453561,8.89297337387227,0,0
North Carolina,7,0,0,2020-03-10,10488084,0.6674240976712238,0,0
North Dakota,0,0,0,2020-03-10,762062,0,0,0
Ohio,3,0,0,2020-03-10,11689100,0.2566493570933605,0,0
Oklahoma,2,0,0,2020-03-10,3956971,0.505437113387993,0,0
Oregon,15,0,0,2020-03-10,4217737,3.5564095153396242,0,0
Pennsylvania,12,0,0,2020-03-10,12801989,0.9373543439226514,0,0
Rhode Island,3,0,0,2020-03-10,1059361,2.8318958315437324,0,0
South Carolina,7,0,0,2020-03-10,5148714,1.3595627956806302,0,0
South Dakota,0,0,0,2020-03-10,884659,0,0,0
Tennessee,7,0,0,2020-03-10,6829174,1.0250141525168344,0,0
Texas,13,0,0,2020-03-10,28995881,0.44833954174387736,0,0
Utah,2,0,0,2020-03-10,3205958,0.6238384907101091,0,0
Vermont,1,0,0,2020-03-10,623989,1.602592353390845,0,0
Virginia,7,0,0,2020-03-10,8535519,0.8201024448542613,0,0
Washington,267,23,1,2020-03-10,7614893,35.062869563630116,3.0203970036085863,0.13132160885254723
West Virginia,0,0,0,2020-03-10,1792147,0,0,0
Wisconsin,3,0,1,2020-03-10,5822434,0.5152484339023852,0,0.1717494779674617
Wyoming,0,0,0,2020-03-10,578759,0,0,0
Alaska,0,0,0,2020-03-11,731545,0,0,0
Arizona,9,0,1,2020-03-11,7278717,1.2364816491697643,0,0.1373868499077516
Arkansas,1,0,0,2020-03-11,3017804,0.3313667819381245,0,0
California,177,3,2,2020-03-11,39512223,4.4796264690042875,0.07592587235600487,0.050617248237336585
Colorado,34,0,0,2020-03-11,5758736,5.904073393883658,0,0
Connecticut,3,0,0,2020-03-11,3565287,0.8414469858948241,0,0
Delaware,1,0,0,2020-03-11,973764,1.0269428732218484,0,0
District of Columbia,10,0,0,2020-03-11,705749,14.169343491807995,0,0
Florida,28,2,0,2020-03-11,21477737,1.3036755222396104,0.09311968015997216,0
Georgia,23,0,0,2020-03-11,10617423,2.1662506994399675,0,0
Hawaii,2,0,0,2020-03-11,1415872,1.4125570673055192,0,0
Idaho,0,0,0,2020-03-11,1787065,0,0,0
Illinois,25,0,2,2020-03-11,12671821,1.9728814035488664,0,0.15783051228390932
Indiana,11,0,0,2020-03-11,6732219,1.633933774287497,0,0
Iowa,13,0,0,2020-03-11,3155070,4.120352321818533,0,0
Kansas,1,0,0,2020-03-11,2913314,0.34325170578935194,0,0
Kentucky,8,0,0,2020-03-11,4467673,1.7906413472964562,0,0
Louisiana,6,0,0,2020-03-11,4648794,1.2906573188659252,0,0
Maine,0,0,0,2020-03-11,1344212,0,0,0
Maryland,9,0,0,2020-03-11,6045680,1.4886662873324423,0,0
Massachusetts,95,0,1,2020-03-11,6892503,13.783091570652925,0,0.14508517442792554
Michigan,2,0,0,2020-03-11,9986857,0.20026320593155583,0,0
Minnesota,5,0,0,2020-03-11,5639632,0.8865826706423398,0,0
Mississippi,0,0,0,2020-03-11,2976149,0,0,0
Missouri,1,0,0,2020-03-11,6137428,0.16293470163723306,0,0
Montana,1,0,0,2020-03-11,1068778,0.9356480017365627,0,0
Nebraska,5,0,0,2020-03-11,1934408,2.584770120884529,0,0
Nevada,7,0,0,2020-03-11,3080156,2.272612166396767,0,0
New Hampshire,5,0,0,2020-03-11,1359711,3.677252004286205,0,0
New Jersey,23,1,0,2020-03-11,8882190,2.5894514753681244,0.11258484675513585,0
New Mexico,3,0,0,2020-03-11,2096829,1.4307318336402253,0,0
New York,220,0,0,2020-03-11,19453561,11.308983481224852,0,0
North Carolina,7,0,0,2020-03-11,10488084,0.6674240976712238,0,0
North Dakota,0,0,0,2020-03-11,762062,0,0,0
Ohio,4,0,0,2020-03-11,11689100,0.3421991427911473,0,0
Oklahoma,2,0,0,2020-03-11,3956971,0.505437113387993,0,0
Oregon,19,0,0,2020-03-11,4217737,4.504785386096857,0,0
Pennsylvania,16,0,0,2020-03-11,12801989,1.2498057918968686,0,0
Rhode Island,5,0,0,2020-03-11,1059361,4.719826385906221,0,0
South Carolina,10,0,0,2020-03-11,5148714,1.942232565258043,0,0
South Dakota,8,1,0,2020-03-11,884659,9.04303240005471,1.1303790500068387,0
Tennessee,9,0,0,2020-03-11,6829174,1.3178753389502156,0,0
Texas,21,0,0,2020-03-11,28995881,0.724240798201648,0,0
Utah,3,0,0,2020-03-11,3205958,0.9357577360651637,0,0
Vermont,1,0,0,2020-03-11,623989,1.602592353390845,0,0
Virginia,9,0,0,2020-03-11,8535519,1.0544174290983361,0,0
Washington,366,29,1,2020-03-11,7614893,48.06370884003229,3.80832665672387,0.13132160885254723
West Virginia,0,0,0,2020-03-11,1792147,0,0,0
Wisconsin,6,0,1,2020-03-11,5822434,1.0304968678047703,0,0.1717494779674617
Wyoming,0,0,0,2020-03-11,578759,0,0,0
Alaska,0,0,0,2020-03-12,731545,0,0,0
Arizona,9,0,1,2020-03-12,7278717,1.2364816491697643,0,0.1373868499077516
Arkansas,6,0,0,2020-03-12,3017804,1.9882006916287474,0,0
California,221,4,6,2020-03-12,39512223,5.593205930225692,0.10123449647467317,0.15185174471200974
Colorado,45,0,0,2020-03-12,5758736,7.814214786022489,0,0
Connecticut,5,0,0,2020-03-12,3565287,1.4024116431580402,0,0
Delaware,1,0,0,2020-03-12,973764,1.0269428732218484,0,0
District of Columbia,10,0,0,2020-03-12,705749,14.169343491807995,0,0
Florida,35,2,0,2020-03-12,21477737,1.6295944027995128,0.09311968015997216,0
Georgia,31,1,0,2020-03-12,10617423,2.919729203593,0.09418481301912902,0
Hawaii,2,0,0,2020-03-12,1415872,1.4125570673055192,0,0
Idaho,0,0,0,2020-03-12,1787065,0,0,0
Illinois,32,0,2,2020-03-12,12671821,2.525288196542549,0,0.15783051228390932
Indiana,13,0,0,2020-03-12,6732219,1.9310126423397693,0,0
Iowa,16,0,0,2020-03-12,3155070,5.0712028576228105,0,0
Kansas,1,0,0,2020-03-12,2913314,0.34325170578935194,0,0
Kentucky,10,0,0,2020-03-12,4467673,2.2383016841205703,0,0
Louisiana,19,0,0,2020-03-12,4648794,4.087081509742097,0,0
Maine,0,0,0,2020-03-12,1344212,0,0,0
Maryland,12,0,0,2020-03-12,6045680,1.984888383109923,0,0
Massachusetts,108,0,1,2020-03-12,6892503,15.669198838215957,0,0.14508517442792554
Michigan,2,0,0,2020-03-12,9986857,0.20026320593155583,0,0
Minnesota,9,0,0,2020-03-12,5639632,1.5958488071562116,0,0
Mississippi,1,0,0,2020-03-12,2976149,0.33600468256125615,0,0
Missouri,1,0,0,2020-03-12,6137428,0.16293470163723306,0,0
Montana,1,0,0,2020-03-12,1068778,0.9356480017365627,0,0
Nebraska,10,0,0,2020-03-12,1934408,5.169540241769058,0,0
Nevada,14,0,0,2020-03-12,3080156,4.545224332793534,0,0
New Hampshire,6,0,0,2020-03-12,1359711,4.412702405143446,0,0
New Jersey,29,1,0,2020-03-12,8882190,3.264960555898939,0.11258484675513585,0
New Mexico,5,0,0,2020-03-12,2096829,2.384553056067042,0,0
New York,328,0,0,2020-03-12,19453561,16.86066628109887,0,0
North Carolina,15,0,0,2020-03-12,10488084,1.4301944950097654,0,0
North Dakota,1,0,0,2020-03-12,762062,1.3122291887011819,0,0
Ohio,5,0,0,2020-03-12,11689100,0.42774892848893414,0,0
Oklahoma,2,0,0,2020-03-12,3956971,0.505437113387993,0,0
Oregon,24,0,0,2020-03-12,4217737,5.690255224543399,0,0
Pennsylvania,22,0,0,2020-03-12,12801989,1.7184829638581942,0,0
Rhode Island,5,0,0,2020-03-12,1059361,4.719826385906221,0,0
South Carolina,12,0,0,2020-03-12,5148714,2.3306790783096516,0,0
South Dakota,8,1,0,2020-03-12,884659,9.04303240005471,1.1303790500068387,0
Tennessee,18,0,0,2020-03-12,6829174,2.635750677900431,0,0
Texas,27,0,0,2020-03-12,28995881,0.9311667405449761,0,0
Utah,5,0,0,2020-03-12,3205958,1.5595962267752728,0,0
Vermont,2,0,0,2020-03-12,623989,3.20518470678169,0,0
Virginia,17,0,0,2020-03-12,8535519,1.9916773660746347,0,0
Washington,442,31,1,2020-03-12,7614893,58.04415111282588,4.070969874428965,0.13132160885254723
West Virginia,0,0,0,2020-03-12,1792147,0,0,0
Wisconsin,8,0,1,2020-03-12,5822434,1.3739958237396936,0,0.1717494779674617
Wyoming,1,0,0,2020-03-12,578759,1.7278349019194519,0,0
Alabama,5,0,0,2020-03-13,4903185,1.0197453288015852,0,0
Alaska,1,0,0,2020-03-13,731545,1.366969906157516,0,0
Arizona,9,0,1,2020-03-13,7278717,1.2364816491697643,0,0.1373868499077516
Arkansas,6,0,0,2020-03-13,3017804,1.9882006916287474,0,0
California,282,4,6,2020-03-13,39512223,7.137032001464458,0.10123449647467317,0.15185174471200974
Colorado,49,0,0,2020-03-13,5758736,8.508811655891154,0,0
Connecticut,11,0,0,2020-03-13,3565287,3.0853056149476887,0,0
Delaware,4,0,0,2020-03-13,973764,4.107771492887394,0,0
District of Columbia,10,0,0,2020-03-13,705749,14.169343491807995,0,0
Florida,50,2,0,2020-03-13,21477737,2.327992003999304,0.09311968015997216,0
Georgia,42,1,0,2020-03-13,10617423,3.955762146803419,0.09418481301912902,0
Hawaii,2,0,0,2020-03-13,1415872,1.4125570673055192,0,0
Idaho,1,0,0,2020-03-13,1787065,0.5595767361567711,0,0
Illinois,46,0,2,2020-03-13,12671821,3.630101782529914,0,0.15783051228390932
Indiana,13,0,0,2020-03-13,6732219,1.9310126423397693,0,0
Iowa,17,0,0,2020-03-13,3155070,5.388153036224236,0,0
Kansas,5,1,0,2020-03-13,2913314,1.7162585289467596,0.34325170578935194,0
Kentucky,14,0,0,2020-03-13,4467673,3.133622357768798,0,0
Louisiana,36,0,0,2020-03-13,4648794,7.743943913195551,0,0
Maine,1,0,0,2020-03-13,1344212,0.7439302729033813,0,0
Maryland,18,0,0,2020-03-13,6045680,2.9773325746648847,0,0
Massachusetts,123,0,1,2020-03-13,6892503,17.84547645463484,0,0.14508517442792554
Michigan,16,0,0,2020-03-13,9986857,1.6021056474524467,0,0
Minnesota,14,0,0,2020-03-13,5639632,2.4824314777985514,0,0
Mississippi,1,0,0,2020-03-13,2976149,0.33600468256125615,0,0
Missouri,2,0,0,2020-03-13,6137428,0.3258694032744661,0,0
Montana,1,0,0,2020-03-13,1068778,0.9356480017365627,0,0
Nebraska,13,0,0,2020-03-13,1934408,6.7204023142997755,0,0
Nevada,17,0,0,2020-03-13,3080156,5.519200975535005,0,0
New Hampshire,6,0,0,2020-03-13,1359711,4.412702405143446,0,0
New Jersey,29,1,0,2020-03-13,8882190,3.264960555898939,0.11258484675513585,0
New Mexico,10,0,0,2020-03-13,2096829,4.769106112134084,0,0
New York,421,0,0,2020-03-13,19453561,21.64128202543483,0,0
North Carolina,17,0,0,2020-03-13,10488084,1.6208870943444007,0,0
North Dakota,1,0,0,2020-03-13,762062,1.3122291887011819,0,0
Ohio,13,0,0,2020-03-13,11689100,1.1121472140712287,0,0
Oklahoma,2,0,0,2020-03-13,3956971,0.505437113387993,0,0
Oregon,30,0,0,2020-03-13,4217737,7.1128190306792485,0,0
Pennsylvania,41,0,0,2020-03-13,12801989,3.2026273417357256,0,0
Rhode Island,14,0,0,2020-03-13,1059361,13.215513880537419,0,0
South Carolina,13,0,0,2020-03-13,5148714,2.524902334835456,0,0
South Dakota,8,1,0,2020-03-13,884659,9.04303240005471,1.1303790500068387,0
Tennessee,26,0,0,2020-03-13,6829174,3.8071954236339565,0,0
Texas,43,0,0,2020-03-13,28995881,1.4829692534605174,0,0
Utah,9,0,0,2020-03-13,3205958,2.807273208195491,0,0
Vermont,2,0,0,2020-03-13,623989,3.20518470678169,0,0
Virginia,30,0,0,2020-03-13,8535519,3.5147247636611203,0,0
Washington,568,37,1,2020-03-13,7614893,74.59067382824684,4.8588995275442475,0.13132160885254723
West Virginia,0,0,0,2020-03-13,1792147,0,0,0
Wisconsin,19,0,1,2020-03-13,5822434,3.2632400813817726,0,0.1717494779674617
Wyoming,1,0,0,2020-03-13,578759,1.7278349019194519,0,0
Alabama,6,0,0,2020-03-14,4903185,1.223694394561902,0,0
Arizona,12,0,1,2020-03-14,7278717,1.648642198893019,0,0.1373868499077516
Arkansas,12,0,0,2020-03-14,3017804,3.9764013832574947,0,0
California,340,5,6,2020-03-14,39512223,8.60493220034722,0.12654312059334147,0.15185174471200974
Colorado,101,1,0,2020-03-14,5758736,17.53857096418381,0.1736492174671664,0
Connecticut,22,0,0,2020-03-14,3565287,6.1706112298953775,0,0
Delaware,6,0,0,2020-03-14,973764,6.161657239331091,0,0
District of Columbia,10,0,0,2020-03-14,705749,14.169343491807995,0,0
Florida,76,3,0,2020-03-14,21477737,3.538547846078942,0.13967952023995825,0
Georgia,66,1,0,2020-03-14,10617423,6.216197659262516,0.09418481301912902,0
Hawaii,4,0,0,2020-03-14,1415872,2.8251141346110384,0,0
Idaho,2,0,0,2020-03-14,1787065,1.1191534723135421,0,0
Illinois,64,0,2,2020-03-14,12671821,5.050576393085098,0,0.15783051228390932
Indiana,16,0,0,2020-03-14,6732219,2.376630944418178,0,0
Iowa,17,0,0,2020-03-14,3155070,5.388153036224236,0,0
Kansas,8,1,0,2020-03-14,2913314,2.7460136463148155,0.34325170578935194,0
Kentucky,14,0,0,2020-03-14,4467673,3.133622357768798,0,0
Louisiana,77,1,0,2020-03-14,4648794,16.563435592112707,0.21510955314432087,0
Maine,3,0,0,2020-03-14,1344212,2.231790818710144,0,0
Maryland,26,0,0,2020-03-14,6045680,4.300591496738167,0,0
Massachusetts,138,0,1,2020-03-14,6892503,20.021754071053724,0,0.14508517442792554
Michigan,25,0,0,2020-03-14,9986857,2.503290074144448,0,0
Minnesota,21,0,0,2020-03-14,5639632,3.723647216697827,0,0
Mississippi,6,0,0,2020-03-14,2976149,2.016028095367537,0,0
Missouri,4,0,0,2020-03-14,6137428,0.6517388065489322,0,0
Montana,5,0,0,2020-03-14,1068778,4.678240008682813,0,0
Nebraska,14,0,0,2020-03-14,1934408,7.2373563384766815,0,0
Nevada,21,0,0,2020-03-14,3080156,6.8178364991903,0,0
New Hampshire,7,0,0,2020-03-14,1359711,5.148152806000687,0,0
New Jersey,69,1,0,2020-03-14,8882190,7.768354426104373,0.11258484675513585,0
New Mexico,10,0,0,2020-03-14,2096829,4.769106112134084,0,0
New York,525,2,0,2020-03-14,19453561,26.98734694383203,0.10280894073840774,0
North Carolina,24,0,0,2020-03-14,10488084,2.2883111920156245,0,0
North Dakota,1,0,0,2020-03-14,762062,1.3122291887011819,0,0
Ohio,26,0,0,2020-03-14,11689100,2.2242944281424575,0,0
Oklahoma,4,0,0,2020-03-14,3956971,1.010874226775986,0,0
Oregon,32,0,0,2020-03-14,4217737,7.5870069660578645,0,0
Pennsylvania,47,0,0,2020-03-14,12801989,3.6713045136970512,0,0
Puerto Rico,3,0,0,2020-03-14,3193694,0.9393511087787371,0,0
Rhode Island,20,0,0,2020-03-14,1059361,18.879305543624884,0,0
South Carolina,19,0,0,2020-03-14,5148714,3.690241873990282,0,0
South Dakota,9,1,0,2020-03-14,884659,10.173411450061549,1.1303790500068387,0
Tennessee,32,0,0,2020-03-14,6829174,4.6857789829341,0,0
Texas,57,0,0,2020-03-14,28995881,1.965796452261616,0,0
Utah,10,0,0,2020-03-14,3205958,3.1191924535505455,0,0
Vermont,5,0,0,2020-03-14,623989,8.012961766954225,0,0
Virginia,41,1,0,2020-03-14,8535519,4.803457177003531,0.11715749212203734,0
Washington,572,37,1,2020-03-14,7614893,75.11596026365702,4.8588995275442475,0.13132160885254723
West Virginia,0,0,0,2020-03-14,1792147,0,0,0
Wisconsin,27,0,1,2020-03-14,5822434,4.637235905121466,0,0.1717494779674617
Wyoming,2,0,0,2020-03-14,578759,3.4556698038389038,0,0
Alabama,12,0,0,2020-03-15,4903185,2.447388789123804,0,0
Alaska,1,0,0,2020-03-15,731545,1.366969906157516,0,0
Arizona,13,0,1,2020-03-15,7278717,1.7860290488007708,0,0.1373868499077516
Arkansas,16,0,0,2020-03-15,3017804,5.301868511009992,0,0
California,426,6,6,2020-03-15,39512223,10.781473874552692,0.15185174471200974,0.15185174471200974
Colorado,131,1,0,2020-03-15,5758736,22.7480474881988,0.1736492174671664,0
Connecticut,24,0,0,2020-03-15,3565287,6.731575887158593,0,0
Delaware,7,0,0,2020-03-15,973764,7.188600112552939,0,0
District of Columbia,16,0,0,2020-03-15,705749,22.67094958689279,0,0
Florida,115,4,0,2020-03-15,21477737,5.354381609198399,0.1862393603199443,0
Georgia,99,1,0,2020-03-15,10617423,9.324296488893774,0.09418481301912902,0
Hawaii,6,0,0,2020-03-15,1415872,4.237671201916557,0,0
Idaho,5,0,0,2020-03-15,1787065,2.797883680783855,0,0
Illinois,93,0,2,2020-03-15,12671821,7.339118821201783,0,0.15783051228390932
Indiana,20,0,0,2020-03-15,6732219,2.970788680522722,0,0
Iowa,18,0,0,2020-03-15,3155070,5.7051032148256615,0,0
Kansas,8,1,0,2020-03-15,2913314,2.7460136463148155,0.34325170578935194,0
Kentucky,20,0,0,2020-03-15,4467673,4.476603368241141,0,0
Louisiana,91,2,0,2020-03-15,4648794,19.5749693361332,0.43021910628864174,0
Maine,12,0,0,2020-03-15,1344212,8.927163274840575,0,0
Maryland,32,0,0,2020-03-15,6045680,5.293035688293128,0,0
Massachusetts,164,0,1,2020-03-15,6892503,23.79396860617979,0,0.14508517442792554
Michigan,33,0,0,2020-03-15,9986857,3.3043428978706713,0,0
Minnesota,35,0,0,2020-03-15,5639632,6.206078694496378,0,0
Mississippi,10,0,0,2020-03-15,2976149,3.3600468256125615,0,0
Missouri,5,0,0,2020-03-15,6137428,0.8146735081861652,0,0
Montana,7,0,0,2020-03-15,1068778,6.549536012155939,0,0
Nebraska,17,0,0,2020-03-15,1934408,8.7882184110074,0,0
Nevada,24,0,0,2020-03-15,3080156,7.791813141931772,0,0
New Hampshire,13,0,0,2020-03-15,1359711,9.560855211144133,0,0
New Jersey,98,2,0,2020-03-15,8882190,11.033314982003311,0.2251696935102717,0
New Mexico,13,0,0,2020-03-15,2096829,6.19983794577431,0,0
New York,732,3,0,2020-03-15,19453561,37.62807231025723,0.1542134111076116,0
North Carolina,33,0,0,2020-03-15,10488084,3.1464278890214836,0,0
North Dakota,1,0,0,2020-03-15,762062,1.3122291887011819,0,0
Ohio,37,0,0,2020-03-15,11689100,3.1653420708181126,0,0
Oklahoma,7,0,0,2020-03-15,3956971,1.7690298968579754,0,0
Oregon,36,1,0,2020-03-15,4217737,8.535382836815097,0.23709396768930827,0
Pennsylvania,66,0,0,2020-03-15,12801989,5.155448891574583,0,0
Puerto Rico,5,0,0,2020-03-15,3193694,1.5655851812978951,0,0
Rhode Island,20,0,0,2020-03-15,1059361,18.879305543624884,0,0
South Carolina,28,0,0,2020-03-15,5148714,5.438251182722521,0,0
South Dakota,9,1,0,2020-03-15,884659,10.173411450061549,1.1303790500068387,0
Tennessee,39,0,0,2020-03-15,6829174,5.710793135450935,0,0
Texas,72,0,0,2020-03-15,28995881,2.483111308119936,0,0
Utah,28,0,0,2020-03-15,3205958,8.733738869941527,0,0
Vermont,8,0,0,2020-03-15,623989,12.82073882712676,0,0
Virginia,45,1,0,2020-03-15,8535519,5.27208714549168,0.11715749212203734,0
Washington,643,40,1,2020-03-15,7614893,84.43979449218787,5.25286435410189,0.13132160885254723
West Virginia,0,0,0,2020-03-15,1792147,0,0,0
Wisconsin,32,0,1,2020-03-15,5822434,5.495983294958775,0,0.1717494779674617
Wyoming,3,0,0,2020-03-15,578759,5.183504705758355,0,0
Alabama,29,0,0,2020-03-16,4903185,5.914522907049194,0,0
Alaska,1,0,0,2020-03-16,731545,1.366969906157516,0,0
Arizona,18,0,1,2020-03-16,7278717,2.4729632983395287,0,0.1373868499077516
Arkansas,22,0,0,2020-03-16,3017804,7.29006920263874,0,0
California,557,7,6,2020-03-16,39512223,14.096903634098238,0.17716036883067804,0.15185174471200974
Colorado,160,1,0,2020-03-16,5758736,27.783874794746627,0.1736492174671664,0
Connecticut,30,0,0,2020-03-16,3565287,8.414469858948241,0,0
Delaware,8,0,0,2020-03-16,973764,8.215542985774787,0,0
District of Columbia,22,0,0,2020-03-16,705749,31.172555681977588,0,0
Florida,155,5,0,2020-03-16,21477737,7.216775212397843,0.2327992003999304,0
Georgia,121,1,0,2020-03-16,10617423,11.396362375314613,0.09418481301912902,0
Hawaii,7,0,0,2020-03-16,1415872,4.943949735569317,0,0
Idaho,5,0,0,2020-03-16,1787065,2.797883680783855,0,0
Illinois,105,0,2,2020-03-16,12671821,8.286101894905238,0,0.15783051228390932
Indiana,25,1,0,2020-03-16,6732219,3.7134858506534028,0.14853943402613612,0
Iowa,23,0,0,2020-03-16,3155070,7.28985410783279,0,0
Kansas,11,1,0,2020-03-16,2913314,3.775768763682871,0.34325170578935194,0
Kentucky,21,1,1,2020-03-16,4467673,4.700433536653198,0.22383016841205702,0.22383016841205702
Louisiana,136,3,0,2020-03-16,4648794,29.25489922762764,0.6453286594329626,0
Maine,17,0,0,2020-03-16,1344212,12.646814639357482,0,0
Maryland,41,0,3,2020-03-16,6045680,6.7817019756255705,0,0.4962220957774808
Massachusetts,197,0,1,2020-03-16,6892503,28.58177936230133,0,0.14508517442792554
Michigan,53,0,0,2020-03-16,9986857,5.30697495718623,0,0
Minnesota,54,0,0,2020-03-16,5639632,9.57509284293727,0,0
Mississippi,13,0,0,2020-03-16,2976149,4.36806087329633,0,0
Missouri,6,0,0,2020-03-16,6137428,0.9776082098233984,0,0
Montana,7,0,0,2020-03-16,1068778,6.549536012155939,0,0
Nebraska,18,0,0,2020-03-16,1934408,9.305172435184305,0,0
Nevada,45,1,0,2020-03-16,3080156,14.609649641122074,0.32465888091382383,0
New Hampshire,17,0,0,2020-03-16,1359711,12.502656814573097,0,0
New Jersey,178,2,1,2020-03-16,8882190,20.04010272241418,0.2251696935102717,0.11258484675513585
New Mexico,17,0,0,2020-03-16,2096829,8.107480390627943,0,0
New York,967,10,0,2020-03-16,19453561,49.70812284702014,0.5140447036920387,0
North Carolina,38,0,0,2020-03-16,10488084,3.623159387358072,0,0
North Dakota,1,0,0,2020-03-16,762062,1.3122291887011819,0,0
Ohio,50,0,0,2020-03-16,11689100,4.2774892848893415,0,0
Oklahoma,10,0,0,2020-03-16,3956971,2.527185566939965,0,0
Oregon,39,1,0,2020-03-16,4217737,9.246664739883023,0.23709396768930827,0
Pennsylvania,77,0,0,2020-03-16,12801989,6.014690373503679,0,0
Puerto Rico,5,0,0,2020-03-16,3193694,1.5655851812978951,0,0
Rhode Island,21,0,0,2020-03-16,1059361,19.823270820806126,0,0
South Carolina,33,1,0,2020-03-16,5148714,6.409367465351542,0.1942232565258043,0
South Dakota,10,1,0,2020-03-16,884659,11.303790500068388,1.1303790500068387,0
Tennessee,52,0,0,2020-03-16,6829174,7.614390847267913,0,0
Texas,85,0,0,2020-03-16,28995881,2.9314508498638134,0,0
Utah,39,0,0,2020-03-16,3205958,12.164850568847127,0,0
Vermont,12,0,0,2020-03-16,623989,19.23110824069014,0,0
Virginia,49,1,0,2020-03-16,8535519,5.740717113979829,0.11715749212203734,0
Washington,904,48,1,2020-03-16,7614893,118.7147344027027,6.303437224922267,0.13132160885254723
West Virginia,0,0,0,2020-03-16,1792147,0,0,0
Wisconsin,47,0,1,2020-03-16,5822434,8.072225464470701,0,0.1717494779674617
Wyoming,3,0,0,2020-03-16,578759,5.183504705758355,0,0
Alabama,39,0,0,2020-03-17,4903185,7.954013564652364,0,0
Alaska,3,0,0,2020-03-17,731545,4.100909718472548,0,0
Arizona,20,0,1,2020-03-17,7278717,2.747736998155032,0,0.1373868499077516
Arkansas,22,0,0,2020-03-17,3017804,7.29006920263874,0,0
California,698,12,6,2020-03-17,39512223,17.665419634830467,0.3037034894240195,0.15185174471200974
Colorado,160,2,0,2020-03-17,5758736,27.783874794746627,0.3472984349343328,0
Connecticut,68,0,0,2020-03-17,3565287,19.072798346949348,0,0
Delaware,16,0,0,2020-03-17,973764,16.431085971549575,0,0
District of Columbia,22,0,0,2020-03-17,705749,31.172555681977588,0,0
Florida,216,6,0,2020-03-17,21477737,10.056925457276993,0.2793590404799165,0
Georgia,146,1,0,2020-03-17,10617423,13.750982700792838,0.09418481301912902,0
Hawaii,10,0,0,2020-03-17,1415872,7.062785336527596,0,0
Idaho,8,0,0,2020-03-17,1787065,4.4766138892541685,0,0
Illinois,161,1,2,2020-03-17,12671821,12.7053562388547,0.07891525614195466,0.15783051228390932
Indiana,30,2,0,2020-03-17,6732219,4.456183020784083,0.29707886805227224,0
Iowa,23,0,0,2020-03-17,3155070,7.28985410783279,0,0
Kansas,18,1,0,2020-03-17,2913314,6.178530704208335,0.34325170578935194,0
Kentucky,26,1,1,2020-03-17,4467673,5.819584378713483,0.22383016841205702,0.22383016841205702
Louisiana,196,4,0,2020-03-17,4648794,42.16147241628689,0.8604382125772835,0
Maine,32,0,0,2020-03-17,1344212,23.805768732908202,0,0
Maryland,60,0,3,2020-03-17,6045680,9.924441915549616,0,0.4962220957774808
Massachusetts,218,0,1,2020-03-17,6892503,31.628568025287766,0,0.14508517442792554
Michigan,65,0,0,2020-03-17,9986857,6.508554192775565,0,0
Minnesota,60,0,0,2020-03-17,5639632,10.638992047708077,0,0
Mississippi,21,0,0,2020-03-17,2976149,7.056098333786379,0,0
Missouri,11,0,0,2020-03-17,6137428,1.7922817180095636,0,0
Montana,9,0,0,2020-03-17,1068778,8.420832015629065,0,0
Nebraska,21,0,0,2020-03-17,1934408,10.856034507715021,0,0
Nevada,56,1,0,2020-03-17,3080156,18.180897331174137,0.32465888091382383,0
New Hampshire,26,0,0,2020-03-17,1359711,19.121710422288267,0,0
New Jersey,267,3,1,2020-03-17,8882190,30.06015408362127,0.3377545402654075,0.11258484675513585
New Mexico,23,0,0,2020-03-17,2096829,10.968944057908393,0,0
New York,1706,13,0,2020-03-17,19453561,87.6960264498618,0.6682581147996504,0
North Carolina,64,0,0,2020-03-17,10488084,6.102163178708333,0,0
North Dakota,3,0,0,2020-03-17,762062,3.9366875661035454,0,0
Ohio,67,0,0,2020-03-17,11689100,5.731835641751718,0,0
Oklahoma,19,0,0,2020-03-17,3956971,4.8016525771859335,0,0
Oregon,66,1,0,2020-03-17,4217737,15.648201867494345,0.23709396768930827,0
Pennsylvania,112,0,0,2020-03-17,12801989,8.74864054327808,0,0
Puerto Rico,5,0,0,2020-03-17,3193694,1.5655851812978951,0,0
Rhode Island,23,0,0,2020-03-17,1059361,21.711201375168617,0,0
South Carolina,47,1,0,2020-03-17,5148714,9.128493056712802,0.1942232565258043,0
South Dakota,11,1,0,2020-03-17,884659,12.434169550075227,1.1303790500068387,0
Tennessee,74,0,0,2020-03-17,6829174,10.835863898035106,0,0
Texas,110,1,0,2020-03-17,28995881,3.7936422762943467,0.03448765705722134,0
Utah,51,0,0,2020-03-17,3205958,15.907881513107782,0,0
Vermont,12,0,0,2020-03-17,623989,19.23110824069014,0,0
Virginia,67,2,0,2020-03-17,8535519,7.849551972176502,0.23431498424407468,0
Washington,1076,55,1,2020-03-17,7614893,141.30205112534082,7.222688486890098,0.13132160885254723
West Virginia,1,0,0,2020-03-17,1792147,0.5579899416733114,0,0
Wisconsin,72,0,1,2020-03-17,5822434,12.365962413657243,0,0.1717494779674617
Wyoming,11,0,0,2020-03-17,578759,19.00618392111397,0,0
Alabama,46,0,0,2020-03-18,4903185,9.381657024974583,0,0
Alaska,6,0,0,2020-03-18,731545,8.201819436945096,0,0
Arizona,27,0,0,2020-03-18,7278717,3.709444947509293,0,0
Arkansas,33,0,0,2020-03-18,3017804,10.93510380395811,0,0
California,751,13,0,2020-03-18,39512223,19.006776713119887,0.3290121135426878,0
Colorado,184,2,0,2020-03-18,5758736,31.95145601395862,0.3472984349343328,0
Connecticut,68,0,0,2020-03-18,3565287,19.072798346949348,0,0
Delaware,19,0,0,2020-03-18,973764,19.51191459121512,0,0
District of Columbia,31,0,0,2020-03-18,705749,43.92496482460478,0,0
Florida,314,7,0,2020-03-18,21477737,14.619789785115628,0.3259188805599026,0
Georgia,199,3,0,2020-03-18,10617423,18.742777790806677,0.2825544390573871,0
Hawaii,14,0,0,2020-03-18,1415872,9.887899471138635,0,0
Idaho,9,0,0,2020-03-18,1787065,5.036190625410939,0,0
Illinois,162,1,0,2020-03-18,12671821,12.784271494996654,0.07891525614195466,0
Indiana,39,2,0,2020-03-18,6732219,5.793037927019308,0.29707886805227224,0
Iowa,29,0,0,2020-03-18,3155070,9.191555179441343,0,0
Kansas,18,1,0,2020-03-18,2913314,6.178530704208335,0.34325170578935194,0
Kentucky,27,1,0,2020-03-18,4467673,6.04341454712554,0.22383016841205702,0
Louisiana,257,4,0,2020-03-18,4648794,55.283155158090466,0.8604382125772835,0
Maine,42,0,0,2020-03-18,1344212,31.245071461942015,0,0
Maryland,85,0,0,2020-03-18,6045680,14.059626047028623,0,0
Massachusetts,218,0,0,2020-03-18,6892503,31.628568025287766,0,0
Michigan,83,0,0,2020-03-18,9986857,8.310923046159568,0,0
Minnesota,77,0,0,2020-03-18,5639632,13.653373127892033,0,0
Mississippi,34,0,0,2020-03-18,2976149,11.42415920708271,0,0
Missouri,18,0,0,2020-03-18,6137428,2.932824629470195,0,0
Montana,11,0,0,2020-03-18,1068778,10.29212801910219,0,0
Nebraska,24,0,0,2020-03-18,1934408,12.40689658024574,0,0
Nevada,55,1,0,2020-03-18,3080156,17.85623845026031,0.32465888091382383,0
New Hampshire,26,0,0,2020-03-18,1359711,19.121710422288267,0,0
New Jersey,267,3,0,2020-03-18,8882190,30.06015408362127,0.3377545402654075,0
New Mexico,23,0,0,2020-03-18,2096829,10.968944057908393,0,0
New York,2495,16,0,2020-03-18,19453561,128.25415357116364,0.8224715259072619,0
North Carolina,70,0,0,2020-03-18,10488084,6.674240976712238,0,0
North Dakota,6,0,0,2020-03-18,762062,7.873375132207091,0,0
Ohio,86,0,0,2020-03-18,11689100,7.357281570009667,0,0
Oklahoma,19,0,0,2020-03-18,3956971,4.8016525771859335,0,0
Oregon,68,2,0,2020-03-18,4217737,16.122389802872963,0.47418793537861653,0
Pennsylvania,152,0,0,2020-03-18,12801989,11.873155023020251,0,0
Puerto Rico,5,0,0,2020-03-18,3193694,1.5655851812978951,0,0
Rhode Island,33,0,0,2020-03-18,1059361,31.150854146981057,0,0
South Carolina,47,1,0,2020-03-18,5148714,9.128493056712802,0.1942232565258043,0
South Dakota,11,1,0,2020-03-18,884659,12.434169550075227,1.1303790500068387,0
Tennessee,79,0,0,2020-03-18,6829174,11.56801686411856,0,0
Texas,173,3,0,2020-03-18,28995881,5.966364670899291,0.103462971171664,0
Utah,51,0,0,2020-03-18,3205958,15.907881513107782,0,0
Vermont,18,0,0,2020-03-18,623989,28.84666236103521,0,0
Virginia,77,2,0,2020-03-18,8535519,9.021126893396875,0.23431498424407468,0
Washington,1014,55,0,2020-03-18,7614893,133.1601113764829,7.222688486890098,0
West Virginia,1,0,0,2020-03-18,1792147,0.5579899416733114,0,0
Wisconsin,92,0,0,2020-03-18,5822434,15.800951973006478,0,0
Wyoming,15,0,0,2020-03-18,578759,25.917523528791776,0,0
Alabama,78,0,0,2020-03-19,4903185,15.908027129304728,0,0
Alaska,9,0,0,2020-03-19,731545,12.302729155417644,0,0
Arizona,45,0,0,2020-03-19,7278717,6.182408245848822,0,0
Arkansas,62,0,0,2020-03-19,3017804,20.54474048016372,0,0
California,952,18,0,2020-03-19,39512223,24.093810160972215,0.4555552341360293,0
Colorado,277,4,0,2020-03-19,5758736,48.100833238405095,0.6945968698686656,0
Connecticut,159,2,0,2020-03-19,3565287,44.59669025242568,0.5609646572632161,0
Delaware,30,0,0,2020-03-19,973764,30.80828619665545,0,0
District of Columbia,40,0,0,2020-03-19,705749,56.67737396723198,0,0
Florida,417,9,0,2020-03-19,21477737,19.415453313354195,0.4190385607198747,0
Georgia,287,10,0,2020-03-19,10617423,27.03104133649003,0.9418481301912903,0
Hawaii,16,0,0,2020-03-19,1415872,11.300456538444154,0,0
Idaho,11,0,0,2020-03-19,1787065,6.155344097724481,0,0
Illinois,422,4,0,2020-03-19,12671821,33.30223809190487,0.31566102456781864,0
Indiana,60,2,0,2020-03-19,6732219,8.912366041568166,0.29707886805227224,0
Iowa,44,0,0,2020-03-19,3155070,13.945807858462729,0,0
Kansas,34,1,0,2020-03-19,2913314,11.670557996837966,0.34325170578935194,0
Kentucky,37,2,0,2020-03-19,4467673,8.28171623124611,0.44766033682411405,0
Louisiana,392,10,0,2020-03-19,4648794,84.32294483257378,2.1510955314432088,0
Maine,52,0,0,2020-03-19,1344212,38.68437419097583,0,0
Maryland,107,1,0,2020-03-19,6045680,17.698588082730147,0.16540736525916025,0
Massachusetts,328,0,0,2020-03-19,6892503,47.58793721235958,0,0
Michigan,334,3,0,2020-03-19,9986857,33.443955390569826,0.3003948088973338,0
Minnesota,89,0,0,2020-03-19,5639632,15.781171537433648,0,0
Mississippi,50,1,0,2020-03-19,2976149,16.800234128062808,0.33600468256125615,0
Missouri,31,1,0,2020-03-19,6137428,5.050975750754224,0.16293470163723306,0
Montana,11,0,0,2020-03-19,1068778,10.29212801910219,0,0
Nebraska,29,0,0,2020-03-19,1934408,14.991666701130269,0,0
Nevada,95,1,0,2020-03-19,3080156,30.842593686813267,0.32465888091382383,0
New Hampshire,44,0,0,2020-03-19,1359711,32.359817637718606,0,0
New Jersey,742,9,0,2020-03-19,8882190,83.5379562923108,1.0132636207962225,0
New Mexico,35,0,0,2020-03-19,2096829,16.691871392469295,0,0
New York,5365,34,0,2020-03-19,19453561,275.7849835307788,1.7477519925529317,0
North Carolina,123,0,0,2020-03-19,10488084,11.727594859080076,0,0
North Dakota,18,0,0,2020-03-19,762062,23.620125396621273,0,0
Ohio,119,0,0,2020-03-19,11689100,10.180424498036633,0,0
Oklahoma,44,1,0,2020-03-19,3956971,11.119616494535846,0.2527185566939965,0
Oregon,88,3,0,2020-03-19,4217737,20.864269156659127,0.7112819030679248,0
Pennsylvania,206,1,0,2020-03-19,12801989,16.091249570672183,0.07811286199355429,0
Puerto Rico,5,0,0,2020-03-19,3193694,1.5655851812978951,0,0
Rhode Island,44,0,0,2020-03-19,1059361,41.53447219597474,0,0
South Carolina,81,1,0,2020-03-19,5148714,15.732083778590148,0.1942232565258043,0
South Dakota,11,1,0,2020-03-19,884659,12.434169550075227,1.1303790500068387,0
Tennessee,154,0,0,2020-03-19,6829174,22.550311355370358,0,0
Texas,260,5,0,2020-03-19,28995881,8.966790834877546,0.17243828528610666,0
Utah,80,0,0,2020-03-19,3205958,24.953539628404364,0,0
Vermont,22,0,0,2020-03-19,623989,35.25703177459859,0,0
Virginia,99,2,0,2020-03-19,8535519,11.598591720081696,0.23431498424407468,0
Washington,1376,74,0,2020-03-19,7614893,180.698533781105,9.717799055088495,0
West Virginia,2,0,0,2020-03-19,1792147,1.1159798833466228,0,0
Wisconsin,159,0,0,2020-03-19,5822434,27.30816699682641,0,0
Wyoming,18,0,0,2020-03-19,578759,31.10102823455013,0,0
Alabama,83,0,0,2020-03-20,4903185,16.92777245810631,0,0
Alaska,12,0,0,2020-03-20,731545,16.40363887389019,0,0
Arizona,78,0,0,2020-03-20,7278717,10.716174292804626,0,0
Arkansas,96,0,0,2020-03-20,3017804,31.811211066059958,0,0
California,1177,23,0,2020-03-20,39512223,29.78825058767258,0.5820983547293707,0
Colorado,363,4,0,2020-03-20,5758736,63.034665940581405,0.6945968698686656,0
Connecticut,194,3,0,2020-03-20,3565287,54.413571754531965,0.8414469858948241,0
Delaware,38,0,0,2020-03-20,973764,39.02382918243024,0,0
District of Columbia,71,1,0,2020-03-20,705749,100.60233879183676,1.4169343491807993,0
Florida,563,10,0,2020-03-20,21477737,26.213189965032164,0.4655984007998608,0
Georgia,420,13,0,2020-03-20,10617423,39.55762146803419,1.2244025692486773,0
Hawaii,26,0,0,2020-03-20,1415872,18.36324187497175,0,0
Idaho,23,0,0,2020-03-20,1787065,12.870264931605734,0,0
Illinois,585,5,0,2020-03-20,12671821,46.165424843043475,0.3945762807097733,0
Indiana,86,2,0,2020-03-20,6732219,12.774391326247706,0.29707886805227224,0
Iowa,45,0,0,2020-03-20,3155070,14.262758037064154,0,0
Kansas,44,1,0,2020-03-20,2913314,15.103075054731484,0.34325170578935194,0
Kentucky,47,2,0,2020-03-20,4467673,10.52001791536668,0.44766033682411405,0
Louisiana,538,14,0,2020-03-20,4648794,115.72893959164463,3.0115337440204923,0
Maine,56,0,0,2020-03-20,1344212,41.66009528258935,0,0
Maryland,149,1,0,2020-03-20,6045680,24.64569742361488,0.16540736525916025,0
Massachusetts,413,1,0,2020-03-20,6892503,59.92017703873324,0.14508517442792554,0
Michigan,552,3,0,2020-03-20,9986857,55.27264483710941,0.3003948088973338,0
Minnesota,115,0,0,2020-03-20,5639632,20.391401424773814,0,0
Mississippi,80,1,0,2020-03-20,2976149,26.880374604900492,0.33600468256125615,0
Missouri,53,2,0,2020-03-20,6137428,8.635539186773352,0.3258694032744661,0
Montana,15,0,0,2020-03-20,1068778,14.03472002604844,0,0
Nebraska,37,0,0,2020-03-20,1934408,19.127298894545515,0,0
Nevada,114,1,0,2020-03-20,3080156,37.01111242417592,0.32465888091382383,0
New Hampshire,44,0,0,2020-03-20,1359711,32.359817637718606,0,0
New Jersey,890,11,0,2020-03-20,8882190,100.20051361207089,1.2384333143064943,0
New Mexico,43,0,0,2020-03-20,2096829,20.507156282176563,0,0
New York,8310,42,0,2020-03-20,19453561,427.17114876808415,2.1589877555065624,0
North Carolina,172,0,0,2020-03-20,10488084,16.399563542778644,0,0
North Dakota,19,0,0,2020-03-20,762062,24.932354585322454,0,0
Ohio,173,2,0,2020-03-20,11689100,14.800112925717121,0.17109957139557366,0
Oklahoma,49,1,0,2020-03-20,3956971,12.383209278005829,0.2527185566939965,0
Oregon,114,3,0,2020-03-20,4217737,27.028712316581142,0.7112819030679248,0
Pennsylvania,303,1,0,2020-03-20,12801989,23.66819718404695,0.07811286199355429,0
Puerto Rico,14,0,0,2020-03-20,3193694,4.383638507634107,0,0
Rhode Island,54,0,0,2020-03-20,1059361,50.97412496778718,0,0
South Carolina,126,1,0,2020-03-20,5148714,24.472130322251342,0.1942232565258043,0
South Dakota,14,1,0,2020-03-20,884659,15.825306700095743,1.1303790500068387,0
Tennessee,233,0,0,2020-03-20,6829174,34.118328219488916,0,0
Texas,394,5,0,2020-03-20,28995881,13.588136880545205,0.17243828528610666,0
Utah,78,0,0,2020-03-20,3205958,24.329701137694254,0,0
Vermont,29,2,0,2020-03-20,623989,46.47517824833451,3.20518470678169,0
Virginia,122,2,0,2020-03-20,8535519,14.293214038888555,0.23431498424407468,0
Washington,1524,83,0,2020-03-20,7614893,200.13413189128198,10.89969353476142,0
West Virginia,7,0,0,2020-03-20,1792147,3.9059295917131798,0,0
Wisconsin,207,3,0,2020-03-20,5822434,35.55214193926457,0.5152484339023852,0
Wyoming,19,0,0,2020-03-20,578759,32.828863136469586,0,0
Alabama,131,0,0,2020-03-21,4903185,26.71732761460153,0,0
Alaska,15,0,0,2020-03-21,731545,20.504548592362738,0,0
Arizona,118,1,0,2020-03-21,7278717,16.211648289114688,0.1373868499077516,0
Arkansas,122,0,0,2020-03-21,3017804,40.4267473964512,0,0
California,1364,24,0,2020-03-21,39512223,34.52096329786355,0.607406978848039,0
Colorado,390,4,0,2020-03-21,5758736,67.7231948121949,0.6945968698686656,0
Connecticut,194,4,0,2020-03-21,3565287,54.413571754531965,1.1219293145264322,0
Delaware,45,0,0,2020-03-21,973764,46.21242929498318,0,0
District of Columbia,77,1,0,2020-03-21,705749,109.10394488692155,1.4169343491807993,0
Florida,659,13,0,2020-03-21,21477737,30.682934612710827,0.605277921039819,0
Georgia,507,14,0,2020-03-21,10617423,47.751700200698416,1.3185873822678065,0
Hawaii,37,0,0,2020-03-21,1415872,26.132305745152106,0,0
Idaho,36,0,0,2020-03-21,1787065,20.144762501643758,0,0
Illinois,753,6,0,2020-03-21,12671821,59.42318787489186,0.47349153685172796,0
Indiana,128,4,0,2020-03-21,6732219,19.013047555345423,0.5941577361045445,0
Iowa,68,0,0,2020-03-21,3155070,21.552612144896944,0,0
Kansas,57,2,0,2020-03-21,2913314,19.56534722999306,0.6865034115787039,0
Kentucky,87,3,0,2020-03-21,4467673,19.47322465184896,0.671490505236171,0
Louisiana,585,16,0,2020-03-21,4648794,125.8390885894277,3.441752850309134,0
Maine,70,0,0,2020-03-21,1344212,52.075119103236695,0,0
Maryland,193,2,0,2020-03-21,6045680,31.92362149501793,0.3308147305183205,0
Massachusetts,525,1,0,2020-03-21,6892503,76.16971657466091,0.14508517442792554,0
Michigan,788,5,0,2020-03-21,9986857,78.903703137033,0.5006580148288896,0
Minnesota,138,1,0,2020-03-21,5639632,24.46968170972858,0.17731653412846796,0
Mississippi,140,1,0,2020-03-21,2976149,47.040655558575864,0.33600468256125615,0
Missouri,74,3,0,2020-03-21,6137428,12.057167921155246,0.4888041049116992,0
Montana,21,0,0,2020-03-21,1068778,19.648608036467817,0,0
Nebraska,38,0,0,2020-03-21,1934408,19.64425291872242,0,0
Nevada,161,2,0,2020-03-21,3080156,52.27007982712564,0.6493177618276477,0
New Hampshire,55,0,0,2020-03-21,1359711,40.44977204714825,0,0
New Jersey,1327,16,0,2020-03-21,8882190,149.40009164406527,1.8013575480821735,0
New Mexico,43,0,0,2020-03-21,2096829,20.507156282176563,0,0
New York,11710,60,0,2020-03-21,19453561,601.9463480233774,3.0842682221522324,0
North Carolina,253,0,0,2020-03-21,10488084,24.122613815831375,0,0
North Dakota,28,0,0,2020-03-21,762062,36.74241728363309,0,0
Ohio,248,3,0,2020-03-21,11689100,21.21634685305113,0.2566493570933605,0
Oklahoma,53,1,0,2020-03-21,3956971,13.394083504781815,0.2527185566939965,0
Oregon,114,5,0,2020-03-21,4217737,27.028712316581142,1.1854698384465414,0
Pennsylvania,396,2,0,2020-03-21,12801989,30.932693349447497,0.15622572398710857,0
Puerto Rico,21,1,0,2020-03-21,3193694,6.57545776145116,0.31311703625957904,0
Rhode Island,66,0,0,2020-03-21,1059361,62.301708293962115,0,0
South Carolina,171,3,0,2020-03-21,5148714,33.21217686591254,0.5826697695774129,0
South Dakota,14,1,0,2020-03-21,884659,15.825306700095743,1.1303790500068387,0
Tennessee,371,1,0,2020-03-21,6829174,54.32575008339222,0.14643059321669064,0
Texas,581,5,0,2020-03-21,28995881,20.037328750245596,0.17243828528610666,0
Utah,136,0,0,2020-03-21,3205958,42.42101736828742,0,0
Vermont,29,2,0,2020-03-21,623989,46.47517824833451,3.20518470678169,0
Virginia,156,2,0,2020-03-21,8535519,18.276568771037823,0.23431498424407468,0
Washington,1793,94,0,2020-03-21,7614893,235.4596446726172,12.34423123213944,0
West Virginia,8,0,0,2020-03-21,1792147,4.463919533386491,0,0
Wisconsin,282,4,0,2020-03-21,5822434,48.4333527868242,0.6869979118698468,0
Wyoming,23,0,0,2020-03-21,578759,39.74020274414739,0,0
Alabama,157,0,0,2020-03-22,4903185,32.020003324369775,0,0
Alaska,20,0,0,2020-03-22,731545,27.339398123150318,0,0
Arizona,152,2,0,2020-03-22,7278717,20.88280118597824,0.2747736998155032,0
Arkansas,165,0,0,2020-03-22,3017804,54.67551901979055,0,0
California,1646,30,0,2020-03-22,39512223,41.65799529932801,0.7592587235600488,0
Colorado,591,6,0,2020-03-22,5758736,102.62668752309534,1.0418953048029984,0
Connecticut,327,8,0,2020-03-22,3565287,91.71772146253583,2.2438586290528644,0
Delaware,56,0,0,2020-03-22,973764,57.50880090042351,0,0
District of Columbia,102,2,0,2020-03-22,705749,144.52730361644154,2.8338686983615986,0
Florida,1004,13,0,2020-03-22,21477737,46.746079440306026,0.605277921039819,0
Georgia,621,25,0,2020-03-22,10617423,58.48876888487913,2.354620325478226,0
Hawaii,53,0,0,2020-03-22,1415872,37.432762283596254,0,0
Idaho,42,0,0,2020-03-22,1787065,23.502222918584383,0,0
Illinois,1049,9,0,2020-03-22,12671821,82.78210369291044,0.7102373052775919,0
Indiana,204,6,0,2020-03-22,6732219,30.302044541331767,0.8912366041568166,0
Iowa,90,0,0,2020-03-22,3155070,28.52551607412831,0,0
Kansas,65,2,0,2020-03-22,2913314,22.311360876307877,0.6865034115787039,0
Kentucky,103,3,0,2020-03-22,4467673,23.054507346441873,0.671490505236171,0
Louisiana,837,20,0,2020-03-22,4648794,180.04669598179657,4.3021910628864175,0
Maine,89,0,0,2020-03-22,1344212,66.20979428840094,0,0
Maryland,244,3,0,2020-03-22,6045680,40.359397123235105,0.4962220957774808,0
Massachusetts,646,5,0,2020-03-22,6892503,93.72502268043989,0.7254258721396276,0
Michigan,1035,9,0,2020-03-22,9986857,103.63620906958015,0.9011844266920013,0
Minnesota,167,1,0,2020-03-22,5639632,29.61186119945415,0.17731653412846796,0
Mississippi,207,1,0,2020-03-22,2976149,69.55296929018003,0.33600468256125615,0
Missouri,87,3,0,2020-03-22,6137428,14.175319042439275,0.4888041049116992,0
Montana,34,0,0,2020-03-22,1068778,31.81203205904313,0,0
Nebraska,51,0,0,2020-03-22,1934408,26.364655233022194,0,0
Nevada,190,2,0,2020-03-22,3080156,61.68518737362653,0.6493177618276477,0
New Hampshire,74,0,0,2020-03-22,1359711,54.42332966343583,0,0
New Jersey,1914,20,0,2020-03-22,8882190,215.48739668932998,2.251696935102717,0
New Mexico,57,0,0,2020-03-22,2096829,27.18390483916428,0,0
New York,15800,117,0,2020-03-22,19453561,812.1906318334211,6.0143230331968525,0
North Carolina,305,0,0,2020-03-22,10488084,29.080621398531896,0,0
North Dakota,28,0,0,2020-03-22,762062,36.74241728363309,0,0
Ohio,356,3,0,2020-03-22,11689100,30.455723708412112,0.2566493570933605,0
Oklahoma,67,2,0,2020-03-22,3956971,16.932143298497763,0.505437113387993,0
Oregon,161,5,0,2020-03-22,4217737,38.17212879797863,1.1854698384465414,0
Pennsylvania,509,4,0,2020-03-22,12801989,39.75944675471913,0.31245144797421714,0
Puerto Rico,23,1,0,2020-03-22,3193694,7.201691833970318,0.31311703625957904,0
Rhode Island,83,0,0,2020-03-22,1059361,78.34911800604327,0,0
South Carolina,196,3,0,2020-03-22,5148714,38.06775827905764,0.5826697695774129,0
South Dakota,21,1,0,2020-03-22,884659,23.737960050143613,1.1303790500068387,0
Tennessee,505,2,0,2020-03-22,6829174,73.94744957442877,0.29286118643338127,0
Texas,643,7,0,2020-03-22,28995881,22.17556348779332,0.24141359940054935,0
Utah,162,1,0,2020-03-22,3205958,50.530917747518835,0.31191924535505455,0
Vermont,52,2,0,2020-03-22,623989,83.33480237632394,3.20518470678169,0
Virginia,220,6,0,2020-03-22,8535519,25.774648266848214,0.702944952732224,0
Washington,1997,97,0,2020-03-22,7614893,262.2492528785368,12.738196058697081,0
West Virginia,16,0,0,2020-03-22,1792147,8.927839066772982,0,0
Wisconsin,381,4,0,2020-03-22,5822434,65.43655110560292,0.6869979118698468,0
Wyoming,26,0,0,2020-03-22,578759,44.92370744990575,0,0
Alabama,196,0,0,2020-03-23,4903185,39.97401688902214,0,0
Alaska,30,0,0,2020-03-23,731545,41.009097184725476,0,0
Arizona,235,2,0,2020-03-23,7278717,32.28590972832163,0.2747736998155032,0
Arkansas,192,0,0,2020-03-23,3017804,63.622422132119915,0,0
California,2108,39,0,2020-03-23,39512223,53.35057964215276,0.9870363406280633,0
Colorado,704,7,0,2020-03-23,5758736,122.24904909688514,1.2155445222701649,0
Connecticut,415,10,0,2020-03-23,3565287,116.40016638211735,2.8048232863160805,0
Delaware,68,0,0,2020-03-23,973764,69.83211537908569,0,0
District of Columbia,120,2,0,2020-03-23,705749,170.03212190169592,2.8338686983615986,0
Florida,1227,18,0,2020-03-23,21477737,57.12892377814292,0.8380771214397494,0
Georgia,772,25,0,2020-03-23,10617423,72.71067565076761,2.354620325478226,0
Hawaii,56,0,0,2020-03-23,1415872,39.55159788455454,0,0
Idaho,68,0,0,2020-03-23,1787065,38.05121805866043,0,0
Illinois,1285,12,0,2020-03-23,12671821,101.40610414241173,0.9469830737034559,0
Indiana,270,7,0,2020-03-23,6732219,40.105647187056746,1.0397760381829528,0
Iowa,105,0,0,2020-03-23,3155070,33.27976875314969,0,0
Kansas,84,2,0,2020-03-23,2913314,28.83314328630556,0.6865034115787039,0
Kentucky,123,4,0,2020-03-23,4467673,27.531110714683013,0.8953206736482281,0
Louisiana,1172,35,0,2020-03-23,4648794,252.10839628514407,7.52883436005123,0
Maine,107,0,0,2020-03-23,1344212,79.6005392006618,0,0
Maryland,290,3,0,2020-03-23,6045680,47.968135925156474,0.4962220957774808,0
Massachusetts,777,9,0,2020-03-23,6892503,112.73118053049814,1.3057665698513297,0
Michigan,1329,15,0,2020-03-23,9986857,133.07490034151886,1.501974044486669,0
Minnesota,234,1,0,2020-03-23,5639632,41.492068986061504,0.17731653412846796,0
Mississippi,249,1,0,2020-03-23,2976149,83.66516595775279,0.33600468256125615,0
Missouri,187,4,0,2020-03-23,6137428,30.468789206162583,0.6517388065489322,0
Montana,34,0,0,2020-03-23,1068778,31.81203205904313,0,0
Nebraska,51,0,0,2020-03-23,1934408,26.364655233022194,0,0
Nevada,245,4,0,2020-03-23,3080156,79.54142582388684,1.2986355236552953,0
New Hampshire,101,1,0,2020-03-23,1359711,74.28049048658134,0.735450400857241,0
New Jersey,2844,27,0,2020-03-23,8882190,320.1913041716063,3.0397908623886676,0
New Mexico,83,0,0,2020-03-23,2096829,39.5835807307129,0,0
New York,20884,158,0,2020-03-23,19453561,1073.5309591904536,8.121906318334212,0
North Carolina,353,0,0,2020-03-23,10488084,33.65724378256314,0,0
North Dakota,30,0,0,2020-03-23,762062,39.36687566103545,0,0
Ohio,443,6,0,2020-03-23,11689100,37.89855506411956,0.513298714186721,0
Oklahoma,81,2,0,2020-03-23,3956971,20.470203092213715,0.505437113387993,0
Oregon,191,5,0,2020-03-23,4217737,45.28494782865788,1.1854698384465414,0
Pennsylvania,698,6,0,2020-03-23,12801989,54.52277767150089,0.4686771719613257,0
Puerto Rico,31,2,0,2020-03-23,3193694,9.70662812404695,0.6262340725191581,0
Rhode Island,106,0,0,2020-03-23,1059361,100.06031938121188,0,0
South Carolina,298,5,0,2020-03-23,5148714,57.87853044468968,0.9711162826290215,0
South Dakota,28,1,0,2020-03-23,884659,31.650613400191485,1.1303790500068387,0
Tennessee,614,2,0,2020-03-23,6829174,89.90838423504805,0.29286118643338127,0
Texas,758,9,0,2020-03-23,28995881,26.14164404937377,0.310388913514992,0
Utah,257,1,0,2020-03-23,3205958,80.16324605624902,0.31191924535505455,0
Vermont,75,5,0,2020-03-23,623989,120.19442650431338,8.012961766954225,0
Virginia,254,6,0,2020-03-23,8535519,29.758002998997483,0.702944952732224,0
Washington,2221,109,0,2020-03-23,7614893,291.66529326150743,14.314055364927649,0
West Virginia,16,0,0,2020-03-23,1792147,8.927839066772982,0,0
Wisconsin,425,5,0,2020-03-23,5822434,72.99352813617124,0.8587473898373086,0
Wyoming,26,0,0,2020-03-23,578759,44.92370744990575,0,0
Alabama,242,0,0,2020-03-24,4903185,49.35567391399672,0,0
Alaska,34,0,0,2020-03-24,731545,46.47697680935554,0,0
Arizona,326,5,0,2020-03-24,7278717,44.78811306992702,0.686934249538758,0
Arkansas,219,2,0,2020-03-24,3017804,72.56932524444927,0.662733563876249,0
California,2538,50,0,2020-03-24,39512223,64.23328801318013,1.2654312059334145,0
Colorado,723,8,0,2020-03-24,5758736,125.54838422876131,1.3891937397373313,0
Connecticut,618,12,0,2020-03-24,3565287,173.33807909433378,3.3657879435792966,0
Delaware,104,0,0,2020-03-24,973764,106.80205881507223,0,0
District of Columbia,141,2,0,2020-03-24,705749,199.78774323449272,2.8338686983615986,0
Florida,1412,18,0,2020-03-24,21477737,65.74249419294034,0.8380771214397494,0
Georgia,1026,32,0,2020-03-24,10617423,96.63361815762639,3.0139140166121288,0
Hawaii,90,1,0,2020-03-24,1415872,63.565068028748364,0.7062785336527596,0
Idaho,81,0,0,2020-03-24,1787065,45.325715628698454,0,0
Illinois,1537,16,0,2020-03-24,12671821,121.29274869018431,1.2626440982712746,0
Indiana,368,12,0,2020-03-24,6732219,54.66251172161809,1.7824732083136332,0
Iowa,124,0,0,2020-03-24,3155070,39.30182214657678,0,0
Kansas,100,2,0,2020-03-24,2913314,34.32517057893519,0.6865034115787039,0
Kentucky,162,4,0,2020-03-24,4467673,36.26048728275324,0.8953206736482281,0
Louisiana,1388,46,0,2020-03-24,4648794,298.5720597643174,9.89503944463876,0
Maine,118,0,0,2020-03-24,1344212,87.783772202599,0,0
Maryland,349,4,0,2020-03-24,6045680,57.72717047544693,0.661629461036641,0
Massachusetts,1159,11,0,2020-03-24,6892503,168.1537171619657,1.5959369187071808,0
Michigan,1793,24,0,2020-03-24,9986857,179.53596411763982,2.40315847117867,0
Minnesota,261,1,0,2020-03-24,5639632,46.27961540753014,0.17731653412846796,0
Mississippi,320,1,0,2020-03-24,2976149,107.52149841960197,0.33600468256125615,0
Missouri,257,7,0,2020-03-24,6137428,41.8742183207689,1.1405429114606314,0
Montana,51,0,0,2020-03-24,1068778,47.7180480885647,0,0
Nebraska,66,0,0,2020-03-24,1934408,34.11896559567578,0,0
Nevada,278,4,0,2020-03-24,3080156,90.25516889404302,1.2986355236552953,0
New Hampshire,101,1,0,2020-03-24,1359711,74.28049048658134,0.735450400857241,0
New Jersey,3675,44,0,2020-03-24,8882190,413.7493118251242,4.953733257225977,0
New Mexico,100,0,0,2020-03-24,2096829,47.691061121340844,0,0
New York,25681,210,0,2020-03-24,19453561,1320.1182035515246,10.794938777532813,0
North Carolina,495,0,0,2020-03-24,10488084,47.19641833532226,0,0
North Dakota,36,0,0,2020-03-24,762062,47.240250793242545,0,0
Ohio,567,8,0,2020-03-24,11689100,48.50672849064513,0.6843982855822947,0
Oklahoma,106,3,0,2020-03-24,3956971,26.78816700956363,0.7581556700819895,0
Oregon,210,8,0,2020-03-24,4217737,49.78973321475474,1.8967517415144661,0
Pennsylvania,946,8,0,2020-03-24,12801989,73.89476744590235,0.6249028959484343,0
Puerto Rico,39,2,0,2020-03-24,3193694,12.211564414123583,0.6262340725191581,0
Rhode Island,124,0,0,2020-03-24,1059361,117.05169437047428,0,0
South Carolina,342,5,0,2020-03-24,5148714,66.42435373182508,0.9711162826290215,0
South Dakota,30,1,0,2020-03-24,884659,33.91137150020516,1.1303790500068387,0
Tennessee,772,2,0,2020-03-24,6829174,113.04441796328517,0.29286118643338127,0
Texas,955,12,0,2020-03-24,28995881,32.93571248964638,0.413851884686656,0
Utah,298,1,0,2020-03-24,3205958,92.95193511580626,0.31191924535505455,0
Vermont,95,7,0,2020-03-24,623989,152.2462735721303,11.218146473735915,0
Virginia,293,9,0,2020-03-24,8535519,34.32714519175694,1.0544174290983361,0
Washington,2328,116,0,2020-03-24,7614893,305.71670540873,15.23330662689548,0
West Virginia,22,0,0,2020-03-24,1792147,12.275778716812852,0,0
Wisconsin,481,5,0,2020-03-24,5822434,82.61149890234908,0.8587473898373086,0
Wyoming,29,0,0,2020-03-24,578759,50.1072121556641,0,0
Alabama,381,1,0,2020-03-25,4903185,77.70459405468078,0.20394906576031702,0
Alaska,41,1,0,2020-03-25,731545,56.04576615245816,1.366969906157516,0
Arizona,401,6,0,2020-03-25,7278717,55.09212681300839,0.8243210994465096,0
Arkansas,280,2,0,2020-03-25,3017804,92.78269894267487,0.662733563876249,0
California,2998,65,0,2020-03-25,39512223,75.87525510776754,1.645060567713439,0
Colorado,1021,16,0,2020-03-25,5758736,177.2958510339769,2.7783874794746626,0
Connecticut,875,19,0,2020-03-25,3565287,245.42203755265706,5.3291642440005536,0
Delaware,119,0,0,2020-03-25,973764,122.20620191339997,0,0
District of Columbia,187,2,0,2020-03-25,705749,264.9667232968095,2.8338686983615986,0
Florida,1682,23,0,2020-03-25,21477737,78.31365101453659,1.07087632183968,0
Georgia,1247,40,0,2020-03-25,10617423,117.4484618348539,3.7673925207651613,0
Hawaii,91,0,0,2020-03-25,1415872,64.27134656240112,0,0
Idaho,91,0,0,2020-03-25,1787065,50.92148299026616,0,0
Illinois,1865,19,0,2020-03-25,12671821,147.17695270474545,1.4993898666971386,0
Indiana,477,14,0,2020-03-25,6732219,70.85331003046693,2.0795520763659057,0
Iowa,146,1,0,2020-03-25,3155070,46.27472607580815,0.31695017860142566,0
Kansas,134,3,0,2020-03-25,2913314,45.99572857577316,1.0297551173680557,0
Kentucky,197,5,0,2020-03-25,4467673,44.09454317717523,1.1191508420602851,0
Louisiana,1795,65,0,2020-03-25,4648794,386.12164789405597,13.982120954380857,0
Maine,142,0,0,2020-03-25,1344212,105.63809875228014,0,0
Maryland,425,4,0,2020-03-25,6045680,70.2981302351431,0.661629461036641,0
Massachusetts,1838,15,0,2020-03-25,6892503,266.6665505985271,2.176277616418883,0
Michigan,2296,43,0,2020-03-25,9986857,229.9021604094261,4.305658927528451,0
Minnesota,286,1,0,2020-03-25,5639632,50.71252876074183,0.17731653412846796,0
Mississippi,377,3,0,2020-03-25,2976149,126.67376532559358,1.0080140476837685,0
Missouri,354,8,0,2020-03-25,6137428,57.6788843795805,1.3034776130978645,0
Montana,65,0,0,2020-03-25,1068778,60.81712011287657,0,0
Nebraska,71,0,0,2020-03-25,1934408,36.70373571656031,0,0
Nevada,323,6,0,2020-03-25,3080156,104.8648185351651,1.947953285482943,0
New Hampshire,108,1,0,2020-03-25,1359711,79.42864329258202,0.735450400857241,0
New Jersey,4402,62,0,2020-03-25,8882190,495.59849541610794,6.9802604988184225,0
New Mexico,113,1,0,2020-03-25,2096829,53.89089906711515,0.47691061121340844,0
New York,30841,285,0,2020-03-25,19453561,1585.3652706566165,14.650274055223102,0
North Carolina,590,2,0,2020-03-25,10488084,56.25431680371744,0.1906925993346354,0
North Dakota,45,0,0,2020-03-25,762062,59.05031349155318,0,0
Ohio,704,11,0,2020-03-25,11689100,60.22704913124193,0.9410476426756551,0
Oklahoma,164,5,0,2020-03-25,3956971,41.44584329781542,1.2635927834699825,0
Oregon,266,10,0,2020-03-25,4217737,63.066995405356,2.370939676893083,0
Pennsylvania,1260,15,0,2020-03-25,12801989,98.4222061118784,1.1716929299033143,0
Puerto Rico,51,2,0,2020-03-25,3193694,15.96896884923853,0.6262340725191581,0
Rhode Island,132,0,0,2020-03-25,1059361,124.60341658792423,0,0
South Carolina,424,7,0,2020-03-25,5148714,82.35066076694103,1.3595627956806302,0
South Dakota,41,1,0,2020-03-25,884659,46.34554105028039,1.1303790500068387,0
Tennessee,916,3,0,2020-03-25,6829174,134.13042338648862,0.4392917796500719,0
Texas,1229,15,0,2020-03-25,28995881,42.38533052332502,0.51731485585832,0
Utah,340,1,0,2020-03-25,3205958,106.05254342071855,0.31191924535505455,0
Vermont,125,8,0,2020-03-25,623989,200.32404417385564,12.82073882712676,0
Virginia,396,9,0,2020-03-25,8535519,46.394366880326785,1.0544174290983361,0
Washington,2591,133,0,2020-03-25,7614893,340.2542885369499,17.465773977388782,0
West Virginia,39,0,0,2020-03-25,1792147,21.761607725259143,0,0
Wisconsin,621,7,0,2020-03-25,5822434,106.65642581779373,1.202246345772232,0
Wyoming,44,0,0,2020-03-25,578759,76.02473568445588,0,0
Alabama,517,1,0,2020-03-26,4903185,105.4416669980839,0.20394906576031702,0
Alaska,56,1,0,2020-03-26,731545,76.5503147448209,1.366969906157516,0
Arizona,508,8,0,2020-03-26,7278717,69.79251975313781,1.0990947992620128,0
Arkansas,335,2,0,2020-03-26,3017804,111.00787194927172,0.662733563876249,0
California,3899,81,0,2020-03-26,39512223,98.67832543868766,2.0499985536121317,0
Colorado,1430,19,0,2020-03-26,5758736,248.31838097804797,3.2993351318761617,0
Connecticut,1012,21,0,2020-03-26,3565287,283.84811657518736,5.890128901263769,0
Delaware,130,1,0,2020-03-26,973764,133.5025735188403,1.0269428732218484,0
District of Columbia,231,3,0,2020-03-26,705749,327.31183466076465,4.250803047542398,0
Florida,2357,29,0,2020-03-26,21477737,109.74154306852719,1.3502353623195964,0
Georgia,1525,48,0,2020-03-26,10617423,143.63183985417177,4.520871024918193,0
Hawaii,95,0,0,2020-03-26,1415872,67.09646069701216,0,0
Idaho,146,3,0,2020-03-26,1787065,81.69820347888857,1.678730208470313,0
Illinois,2538,26,0,2020-03-26,12671821,200.2869200882809,2.051796659690821,0
Indiana,645,17,0,2020-03-26,6732219,95.80793494685778,2.525170378444314,0
Iowa,179,1,0,2020-03-26,3155070,56.73408196965519,0.31695017860142566,0
Kansas,172,3,0,2020-03-26,2913314,59.03929339576853,1.0297551173680557,0
Kentucky,247,5,0,2020-03-26,4467673,55.28605159777808,1.1191508420602851,0
Louisiana,2304,83,0,2020-03-26,4648794,495.61241044451526,17.854092910978633,0
Maine,155,0,0,2020-03-26,1344212,115.30919230002411,0,0
Maryland,583,4,0,2020-03-26,6045680,96.43249394609043,0.661629461036641,0
Massachusetts,2417,25,0,2020-03-26,6892503,350.670866592296,3.627129360698138,0
Michigan,2845,61,0,2020-03-26,9986857,284.8744104376382,6.108027780912453,0
Minnesota,344,2,0,2020-03-26,5639632,60.996887740192975,0.3546330682569359,0
Mississippi,485,6,0,2020-03-26,2976149,162.96227104220924,2.016028095367537,0
Missouri,520,9,0,2020-03-26,6137428,84.7260448513612,1.4664123147350976,0
Montana,90,0,0,2020-03-26,1068778,84.20832015629064,0,0
Nebraska,74,0,0,2020-03-26,1934408,38.25459778909103,0,0
Nevada,420,10,0,2020-03-26,3080156,136.35672998380602,3.2465888091382387,0
New Hampshire,137,1,0,2020-03-26,1359711,100.75670491744202,0.735450400857241,0
New Jersey,6876,81,0,2020-03-26,8882190,774.1334062883141,9.119372587166003,0
New Mexico,113,1,0,2020-03-26,2096829,53.89089906711515,0.47691061121340844,0
New York,37877,385,0,2020-03-26,19453561,1947.047124174335,19.79072109214349,0
North Carolina,738,3,0,2020-03-26,10488084,70.36556915448045,0.28603889900195306,0
North Dakota,51,0,0,2020-03-26,762062,66.92368862376027,0,0
Ohio,868,15,0,2020-03-26,11689100,74.25721398567896,1.2832467854668024,0
Oklahoma,248,7,0,2020-03-26,3956971,62.67420206011113,1.7690298968579754,0
Oregon,316,11,0,2020-03-26,4217737,74.92169378982142,2.608033644582391,0
Pennsylvania,1795,18,0,2020-03-26,12801989,140.21258727842994,1.4060315158839771,0
Puerto Rico,64,2,0,2020-03-26,3193694,20.03949032061306,0.6262340725191581,0
Rhode Island,165,0,0,2020-03-26,1059361,155.75427073490528,0,0
South Carolina,424,9,0,2020-03-26,5148714,82.35066076694103,1.7480093087322388,0
South Dakota,46,1,0,2020-03-26,884659,51.99743630031458,1.1303790500068387,0
Tennessee,1097,3,0,2020-03-26,6829174,160.63436075870962,0.4392917796500719,0
Texas,1563,21,0,2020-03-26,28995881,53.904207980436944,0.724240798201648,0
Utah,396,1,0,2020-03-26,3205958,123.5200211606016,0.31191924535505455,0
Vermont,158,9,0,2020-03-26,623989,253.2095918357535,14.423331180517605,0
Virginia,466,10,0,2020-03-26,8535519,54.5953913288694,1.1715749212203734,0
Washington,3207,150,0,2020-03-26,7614893,421.14839959011897,19.698241327882087,0
West Virginia,52,0,0,2020-03-26,1792147,29.015476967012194,0,0
Wisconsin,728,10,0,2020-03-26,5822434,125.03361996031214,1.7174947796746172,0
Wyoming,53,0,0,2020-03-26,578759,91.57524980173095,0,0
Alabama,587,4,0,2020-03-27,4903185,119.71810160130609,0.8157962630412681,0
Alaska,58,1,0,2020-03-27,731545,79.28425455713592,1.366969906157516,0
Arizona,665,13,0,2020-03-27,7278717,91.36225518865481,1.7860290488007708,0
Arkansas,381,3,0,2020-03-27,3017804,126.25074391842546,0.9941003458143737,0
California,4657,94,0,2020-03-27,39512223,117.86226252063824,2.3790106671548195,0
Colorado,1433,27,0,2020-03-27,5758736,248.83932863044947,4.688528871613493,0
Connecticut,1291,27,0,2020-03-27,3565287,362.102686263406,7.573022873053418,0
Delaware,163,2,0,2020-03-27,973764,167.3916883351613,2.053885746443697,0
District of Columbia,271,3,0,2020-03-27,705749,383.9892086279966,4.250803047542398,0
Florida,2900,35,0,2020-03-27,21477737,135.02353623195964,1.6295944027995128,0
Georgia,2000,64,0,2020-03-27,10617423,188.36962603825805,6.0278280332242575,0
Hawaii,106,0,0,2020-03-27,1415872,74.86552456719251,0,0
Idaho,205,3,0,2020-03-27,1787065,114.71323091213806,1.678730208470313,0
Illinois,3024,34,0,2020-03-27,12671821,238.63973457327089,2.6831187088264583,0
Indiana,979,25,0,2020-03-27,6732219,145.42010591158726,3.7134858506534028,0
Iowa,235,3,0,2020-03-27,3155070,74.48329197133502,0.9508505358042769,0
Kansas,206,4,0,2020-03-27,2913314,70.7098513926065,1.3730068231574077,0
Kentucky,301,7,0,2020-03-27,4467673,67.37288069202916,1.566811178884399,0
Louisiana,2744,119,0,2020-03-27,4648794,590.2606138280165,25.598036824174184,0
Maine,168,1,0,2020-03-27,1344212,124.98028584776806,0.7439302729033813,0
Maryland,775,5,0,2020-03-27,6045680,128.1907080758492,0.8270368262958013,0
Massachusetts,3240,35,0,2020-03-27,6892503,470.0759651464787,5.077981104977393,0
Michigan,3634,92,0,2020-03-27,9986857,363.878245177637,9.212107472851569,0
Minnesota,396,4,0,2020-03-27,5639632,70.21734751487331,0.7092661365138718,0
Mississippi,579,8,0,2020-03-27,2976149,194.54671120296732,2.688037460490049,0
Missouri,666,9,0,2020-03-27,6137428,108.51451129039721,1.4664123147350976,0
Montana,109,1,0,2020-03-27,1068778,101.98563218928534,0.9356480017365627,0
Nebraska,82,0,0,2020-03-27,1934408,42.39022998250628,0,0
Nevada,536,10,0,2020-03-27,3080156,174.01716016980959,3.2465888091382387,0
New Hampshire,158,1,0,2020-03-27,1359711,116.20116333544408,0.735450400857241,0
New Jersey,8825,108,0,2020-03-27,8882190,993.5612726140738,12.15916344955467,0
New Mexico,136,1,0,2020-03-27,2096829,64.85984312502354,0.47691061121340844,0
New York,44876,527,0,2020-03-27,19453561,2306.827012288393,27.09015588457044,0
North Carolina,887,4,0,2020-03-27,10488084,84.57216780491079,0.3813851986692708,0
North Dakota,68,1,0,2020-03-27,762062,89.23158483168037,1.3122291887011819,0
Ohio,1137,19,0,2020-03-27,11689100,97.27010633838363,1.6254459282579496,0
Oklahoma,322,8,0,2020-03-27,3956971,81.37537525546688,2.021748453551972,0
Oregon,416,12,0,2020-03-27,4217737,98.63109055875223,2.8451276122716993,0
Pennsylvania,2345,22,0,2020-03-27,12801989,183.1746613748848,1.7184829638581942,0
Puerto Rico,79,3,0,2020-03-27,3193694,24.736245864506742,0.9393511087787371,0
Rhode Island,203,0,0,2020-03-27,1059361,191.62495126779257,0,0
South Carolina,542,13,0,2020-03-27,5148714,105.26900503698593,2.524902334835456,0
South Dakota,58,1,0,2020-03-27,884659,65.56198490039665,1.1303790500068387,0
Tennessee,1318,6,0,2020-03-27,6829174,192.99552185959826,0.8785835593001438,0
Texas,1937,26,0,2020-03-27,28995881,66.80259171983772,0.8966790834877547,0
Utah,472,1,0,2020-03-27,3205958,147.22588380758575,0.31191924535505455,0
Vermont,184,10,0,2020-03-27,623989,294.8769930239155,16.02592353390845,0
Virginia,607,10,0,2020-03-27,8535519,71.11459771807667,1.1715749212203734,0
Washington,3477,157,0,2020-03-27,7614893,456.60523398030676,20.617492589849917,0
West Virginia,76,0,0,2020-03-27,1792147,42.40723556717167,0,0
Wisconsin,926,14,0,2020-03-27,5822434,159.04001659786954,2.404492691544464,0
Wyoming,70,0,0,2020-03-27,578759,120.94844313436163,0,0
Alabama,694,4,0,2020-03-28,4903185,141.54065163766,0.8157962630412681,0
Alaska,85,2,0,2020-03-28,731545,116.19244202338885,2.733939812315032,0
Arizona,773,15,0,2020-03-28,7278717,106.20003497869199,2.060802748616274,0
Arkansas,409,5,0,2020-03-28,3017804,135.52901381269294,1.6568339096906226,0
California,5095,110,0,2020-03-28,39512223,128.94743988461494,2.7839486530535122,0
Colorado,1740,31,0,2020-03-28,5758736,302.1496383928695,5.383125741482159,0
Connecticut,1524,33,0,2020-03-28,3565287,427.4550688345707,9.255916844843066,0
Delaware,214,5,0,2020-03-28,973764,219.76577486947556,5.134714366109242,0
District of Columbia,304,4,0,2020-03-28,705749,430.74804215096304,5.667737396723197,0
Florida,3763,54,0,2020-03-28,21477737,175.20467822098763,2.514231364319248,0
Georgia,2366,69,0,2020-03-28,10617423,222.8412676032593,6.498752098319903,0
Hawaii,149,0,0,2020-03-28,1415872,105.23550151426117,0,0
Idaho,234,4,0,2020-03-28,1787065,130.94095626068443,2.2383069446270842,0
Illinois,3491,47,0,2020-03-28,12671821,275.49315919156373,3.709017038671869,0
Indiana,1233,31,0,2020-03-28,6732219,183.1491221542258,4.6047224548102195,0
Iowa,298,3,0,2020-03-28,3155070,94.45115322322484,0.9508505358042769,0
Kansas,266,4,0,2020-03-28,2913314,91.30495373996762,1.3730068231574077,0
Kentucky,393,9,0,2020-03-28,4467673,87.9652561859384,2.014471515708513,0
Louisiana,3315,137,0,2020-03-28,4648794,713.0881686734236,29.47000878077196,0
Maine,211,1,0,2020-03-28,1344212,156.96928758261345,0.7439302729033813,0
Maryland,995,5,0,2020-03-28,6045680,164.58032843286446,0.8270368262958013,0
Massachusetts,4257,44,0,2020-03-28,6892503,617.627587539679,6.383747674828723,0
Michigan,4650,111,0,2020-03-28,9986857,465.61195379086735,11.11460792920135,0
Minnesota,441,5,0,2020-03-28,5639632,78.19659155065438,0.8865826706423398,0
Mississippi,663,13,0,2020-03-28,2976149,222.77110453811284,4.36806087329633,0
Missouri,836,10,0,2020-03-28,6137428,136.21341056872683,1.6293470163723305,0
Montana,129,1,0,2020-03-28,1068778,120.6985922240166,0.9356480017365627,0
Nebraska,96,2,0,2020-03-28,1934408,49.62758632098296,1.0339080483538117,0
Nevada,626,10,0,2020-03-28,3080156,203.23645945205374,3.2465888091382387,0
New Hampshire,187,2,0,2020-03-28,1359711,137.52922496030408,1.470900801714482,0
New Jersey,11124,140,0,2020-03-28,8882190,1252.393835304131,15.761878545719018,0
New Mexico,208,1,0,2020-03-28,2096829,99.19740713238896,0.47691061121340844,0
New York,52410,728,0,2020-03-28,19453561,2694.108292049975,37.42245442878042,0
North Carolina,1020,5,0,2020-03-28,10488084,97.25322566066404,0.47673149833658846,0
North Dakota,94,1,0,2020-03-28,762062,123.34954373791109,1.3122291887011819,0
Ohio,1406,25,0,2020-03-28,11689100,120.28299869108828,2.1387446424446708,0
Oklahoma,377,15,0,2020-03-28,3956971,95.27489587363668,3.7907783504099473,0
Oregon,479,13,0,2020-03-28,4217737,113.56801052317866,3.0822215799610073,0
Pennsylvania,2845,34,0,2020-03-28,12801989,222.23109237166193,2.6558373077808457,0
Puerto Rico,100,3,0,2020-03-28,3193694,31.311703625957904,0.9393511087787371,0
Rhode Island,239,2,0,2020-03-28,1059361,225.60770124631736,1.8879305543624882,0
South Carolina,660,15,0,2020-03-28,5148714,128.18734930703084,2.9133488478870646,0
South Dakota,68,1,0,2020-03-28,884659,76.86577540046504,1.1303790500068387,0
Tennessee,1511,7,0,2020-03-28,6829174,221.25662635041954,1.0250141525168344,0
Texas,2455,30,0,2020-03-28,28995881,84.66719807547838,1.03462971171664,0
Utah,602,1,0,2020-03-28,3205958,187.77538570374284,0.31191924535505455,0
Vermont,211,12,0,2020-03-28,623989,338.1469865654683,19.23110824069014,0
Virginia,740,13,0,2020-03-28,8535519,86.69654417030763,1.5230473975864853,0
Washington,4030,188,0,2020-03-28,7614893,529.2260836757654,24.68846246427888,0
West Virginia,96,0,0,2020-03-28,1792147,53.567034400637894,0,0
Wisconsin,1055,17,0,2020-03-28,5822434,181.1956992556721,2.919741125446849,0
Wyoming,82,0,0,2020-03-28,578759,141.68246195739505,0,0
